Date,gross_ret,net_ret,turnover
2018-06-21,0.0008645414426546185,0.0008645414426546185,0.0
2018-06-22,0.002064863773351204,0.002064863773351204,0.0
2018-06-25,-0.0008021343280004322,-0.0008021343280004322,0.0
2018-06-26,-0.00024589855234985545,-0.00024589855234985545,0.0
2018-06-27,-0.0002459245210565696,-0.0002459245210565696,0.0
2018-06-28,-0.0026955114084395125,-0.0026955114084395125,0.0
2018-06-29,0.0024708192897796213,0.0024708192897796213,0.0
2018-07-02,-0.002919197312011898,-0.002919197312011898,0.0
2018-07-03,0.003834365699195424,0.003834365699195424,0.0
2018-07-06,0.0008213721512609812,0.0008213721512609812,0.0
2018-07-09,0.0002542576901969666,0.0002542576901969666,0.0
2018-07-10,0.0011217550568146711,0.0011217550568146711,0.0
2018-07-11,-7.071930443113349e-05,-7.071930443113349e-05,0.0
2018-07-12,0.0017709314811208225,0.0017709314811208225,0.0
2018-07-13,0.0004218361918930998,0.0004218361918930998,0.0
2018-07-16,-0.0027841762228591306,-0.0027841762228591306,0.0
2018-07-17,-0.00037269871643626153,-0.00037269871643626153,0.0
2018-07-18,-0.0010282780172225273,-0.0010282780172225273,0.0
2018-07-19,0.0007647994101529047,0.0007647994101529047,0.0
2018-07-20,-0.00041869920986320713,-0.00041869920986320713,0.0
2018-07-23,-0.0023317665854864574,-0.0023317665854864574,0.0
2018-07-24,0.0014798890915747372,0.0014798890915747372,0.0
2018-07-25,0.00021132581420568752,0.00021132581420568752,0.0
2018-07-26,-0.0010059386672572786,-0.0010059386672572786,0.0
2018-07-27,0.003296387775859225,0.003296387775859225,0.0
2018-07-30,-0.00020698010815272302,-0.00020698010815272302,0.0
2018-07-31,0.0019992773710699463,0.0019992773710699463,0.0
2018-08-01,-0.0026715196943459026,-0.0026715196943459026,0.0
2018-08-02,-0.0019514777237975174,-0.0019514777237975174,0.0
2018-08-03,0.004408927033878311,0.004408927033878311,0.0
2018-08-06,0.00019150837529425432,0.00019150837529425432,0.0
2018-08-07,-0.001006840896797967,-0.001006840896797967,0.0
2018-08-08,0.002126614060470257,0.002126614060470257,0.0
2018-08-09,0.002002705563368366,0.002002705563368366,0.0
2018-08-10,0.0019141844472727312,0.0019141844472727312,0.0
2018-08-13,-0.003558052319295206,-0.003558052319295206,0.0
2018-08-14,0.0010547293344291223,0.0010547293344291223,0.0
2018-08-17,0.003096854087009345,0.003096854087009345,0.0
2018-08-20,0.004242056316021389,0.004242056316021389,0.0
2018-08-21,-0.00013841481403239632,-0.00013841481403239632,0.0
2018-08-24,0.0018463349555975206,0.0018463349555975206,0.0
2018-08-27,0.0016775060124913424,0.0016775060124913424,0.0
2018-08-28,-0.0015409254259677963,-0.0015409254259677963,0.0
2018-08-29,-0.0005319556181787676,-0.0005319556181787676,0.0
2018-08-30,0.0002679109068902718,0.0002679109068902718,0.0
2018-08-31,5.349411388123491e-05,5.349411388123491e-05,0.0
2018-09-05,-0.0004960819898561172,-0.0004960819898561172,0.0
2018-09-06,0.002763609309524007,0.002763609309524007,0.0
2018-09-07,-0.0022038579895686124,-0.0022038579895686124,0.0
2018-09-10,-0.00275056777955358,-0.00275056777955358,0.0
2018-09-11,-0.005301414291497821,-0.005301414291497821,0.0
2018-09-12,0.0034819655759444463,0.0034819655759444463,0.0
2018-09-17,-0.0019474381097154482,-0.0019474381097154482,0.0
2018-09-18,-0.004838597777347501,-0.004838597777347501,0.0
2018-09-19,-0.0014751760084836545,-0.0014751760084836545,0.0
2018-09-24,-0.004295356725049481,-0.004295356725049481,0.0
2018-09-25,0.0015814674922874994,0.0015814674922874994,0.0
2018-09-26,0.0011417558555336187,0.0011417558555336187,0.0
2018-09-27,-0.002698768387472263,-0.002698768387472263,0.0
2018-09-28,0.0001811208121508656,0.0001811208121508656,0.0
2018-10-01,-0.0002971326554339083,-0.0002971326554339083,0.0
2018-10-04,-0.006991868986000902,-0.006991868986000902,0.0
2018-10-05,-0.00711598773318136,-0.00711598773318136,0.0
2018-10-08,-0.000365732878711889,-0.00037765035021565107,0.01588996200501605
2018-10-09,0.00024825393233812845,0.00024825393233812845,0.0
2018-10-10,0.004145513463572899,0.004145513463572899,0.0
2018-10-11,0.0005824940293460753,0.0005824940293460753,0.0
2018-10-12,0.003870772938177771,0.003870772938177771,0.0
2018-10-15,0.002070507100572217,0.002070507100572217,0.0
2018-10-16,0.0013178215965403632,0.0013178215965403632,0.0
2018-10-17,-0.004804346938110636,-0.004804346938110636,0.0
2018-10-22,-0.001497581746504261,-0.001497581746504261,0.0
2018-10-23,0.00016089545299489234,0.00016089545299489234,0.0
2018-10-24,0.005517780669060769,0.005517780669060769,0.0
2018-10-25,-0.004064117301886548,-0.004064117301886548,0.0
2018-10-26,0.0011453002098082085,0.0011453002098082085,0.0
2018-10-29,0.004360887811658015,0.004360887811658015,0.0
2018-10-30,-0.0031207775681419514,-0.0031207775681419514,0.0
2018-10-31,0.0018887878246590165,0.0018887878246590165,0.0
2018-11-01,0.0019412650850488176,0.0019412650850488176,0.0
2018-11-02,0.00022506881799250487,0.00022506881799250487,0.0
2018-11-05,-0.0005521302251070465,-0.0005521302251070465,0.0
2018-11-06,-0.0009170280045814146,-0.0009170280045814146,0.0
2018-11-07,0.0015138208228703725,0.0015138208228703725,0.0
2018-11-12,-0.0012513843065606964,-0.0012513843065606964,0.0
2018-11-13,0.0027897347479729573,0.0027897347479729573,0.0
2018-11-14,0.0021866197708471456,0.0021866197708471456,0.0
2018-11-15,0.001481220299045973,0.001481220299045973,0.0
2018-11-16,0.004312443186241914,0.004312443186241914,0.0
2018-11-19,0.0027962727782859364,0.0027962727782859364,0.0
2018-11-20,-0.0025051484111462867,-0.0025051484111462867,0.0
2018-11-21,-0.0011759073058402792,-0.0011759073058402792,0.0
2018-11-27,0.0011718648677257661,0.0011718648677257661,0.0
2018-11-28,0.0013353352097871664,0.0013353352097871664,0.0
2018-11-29,0.0048673060127022855,0.0048673060127022855,0.0
2018-11-30,0.0014520746192512308,0.0014520746192512308,0.0
2018-12-03,0.00245027876700817,0.00245027876700817,0.0
2018-12-04,0.003376735155459012,0.003376735155459012,0.0
2018-12-07,0.004906719578449243,0.004906719578449243,0.0
2018-12-10,-0.004648044632985701,-0.004648044632985701,0.0
2018-12-11,-0.00042593758822655913,-0.00042593758822655913,0.0
2018-12-12,0.0026653231991609866,0.0026653231991609866,0.0
2018-12-13,0.00130701703129754,0.00130701703129754,0.0
2018-12-14,0.0008271178768389789,0.0008271178768389789,0.0
2018-12-17,0.004529053404185337,0.004529053404185337,0.0
2018-12-18,0.002307851933749395,0.002307851933749395,0.0
2018-12-19,0.002790894599395348,0.002790894599395348,0.0
2018-12-20,0.0006659324070308925,0.0006659324070308925,0.0
2018-12-21,-0.004354686940277381,-0.004354686940277381,0.0
2018-12-24,0.0009211717703400845,0.0009211717703400845,0.0
2018-12-26,-0.001959838604307901,-0.001959838604307901,0.0
2018-12-27,0.0036391352551222575,0.0036391352551222575,0.0
2018-12-28,0.005717178235088463,0.005717178235088463,0.0
2018-12-31,0.002650667300524668,0.002650667300524668,0.0
2019-01-02,-0.00010145148075437387,-0.00010145148075437387,0.0
2019-01-03,0.003546069570426441,0.003546069570426441,0.0
2019-01-04,-0.0050315800556154705,-0.0050315800556154705,0.0
2019-01-07,-0.00039847523621709674,-0.00039847523621709674,0.0
2019-01-08,-0.001274376071713883,-0.001274376071713883,0.0
2019-01-09,0.002310859227474401,0.002310859227474401,0.0
2019-01-10,-0.0017673951919876369,-0.0017673951919876369,0.0
2019-01-11,0.0015366298979185974,0.0015366298979185974,0.0
2019-01-14,-0.0013352943872565577,-0.0013352943872565577,0.0
2019-01-15,0.0024141948815464974,0.0024141948815464974,0.0
2019-01-16,9.749429617707066e-05,9.749429617707066e-05,0.0
2019-01-17,-0.0010058935538830264,-0.0010058935538830264,0.0
2019-01-18,-0.0031288471588608617,-0.0031370244470791103,0.01090305095766498
2019-01-23,-0.002400931892144654,-0.002400931892144654,0.0
2019-01-24,0.002261236230708712,0.002261236230708712,0.0
2019-01-25,-0.0012013650117197983,-0.0012013650117197983,0.0
2019-01-28,-0.0018897737219761733,-0.0018897737219761733,0.0
2019-01-29,0.0023758190191546964,0.0023758190191546964,0.0
2019-01-30,0.0022026558048530804,0.0022026558048530804,0.0
2019-01-31,0.00676721078137953,0.00676721078137953,0.0
2019-02-01,-0.002445921135581592,-0.002445921135581592,0.0
2019-02-04,-0.0015882315753053412,-0.0015882315753053412,0.0
2019-02-05,0.0019025114679528915,0.0019025114679528915,0.0
2019-02-06,0.002309720975414152,0.002309720975414152,0.0
2019-02-07,0.0025539565410167588,0.0025539565410167588,0.0
2019-02-08,-0.006102487901055376,-0.006588880566262103,0.6485235536089689
2019-02-11,-0.004985797442661029,-0.004985797442661029,0.0
2019-02-12,-0.002674105913671869,-0.002674105913671869,0.0
2019-02-15,0.0008120805428973701,0.0008120805428973701,0.0
2019-02-20,0.007279900544053282,0.007279900544053282,0.0
2019-02-21,-0.0007571093894589855,-0.0007571093894589855,0.0
2019-02-22,0.0013659298514685269,0.0013659298514685269,0.0
2019-02-25,0.004935231803805132,0.004935231803805132,0.0
2019-02-26,-0.0021033770712759435,-0.0021033770712759435,0.0
2019-02-27,-0.004210608838497296,-0.004210608838497296,0.0
2019-02-28,-0.0028180406771533668,-0.0028180406771533668,0.0
2019-03-01,-0.0016996396709839678,-0.0016996396709839678,0.0
2019-03-06,0.0035999855069995352,0.0035999855069995352,0.0
2019-03-07,2.9267439346623385e-05,2.9267439346623385e-05,0.0
2019-03-08,0.0023501562378468316,0.0023501562378468316,0.0
2019-03-11,0.006158059337198278,0.006158059337198278,0.0
2019-03-12,0.009874435034016147,0.009874435034016147,0.0
2019-03-13,0.004725890174897232,0.004725890174897232,0.0
2019-03-14,-0.003852156189697618,-0.003852156189697618,0.0
2019-03-15,0.0064071205259647376,0.0064071205259647376,0.0
2019-03-18,0.0022417562527310576,0.0022417562527310576,0.0
2019-03-19,0.004982714282329876,0.004982714282329876,0.0
2019-03-20,0.0015094149611655238,0.0015094149611655238,0.0
2019-03-25,-0.0034021388459004906,-0.0034021388459004906,0.0
2019-03-26,0.005760288486586688,0.005760288486586688,0.0
2019-03-27,-0.003975404808479103,-0.003975404808479103,0.0
2019-03-28,0.002415452878673723,0.002415452878673723,0.0
2019-04-02,0.003744049504073799,0.003744049504073799,0.0
2019-04-03,-0.00445755693194957,-0.00445755693194957,0.0
2019-04-04,-0.00180010402771043,-0.00180010402771043,0.0
2019-04-05,0.003541515018768772,0.003541515018768772,0.0
2019-04-08,-0.0020933897115060695,-0.0020933897115060695,0.0
2019-04-09,0.005600370377476882,0.005600370377476882,0.0
2019-04-10,-0.003996423639473066,-0.003996423639473066,0.0
2019-04-11,-0.0036131716202122215,-0.0036131716202122215,0.0
2019-04-12,0.0023568928019024778,0.0023568928019024778,0.0
2019-04-15,0.002059998680400971,0.002059998680400971,0.0
2019-04-16,0.00254781416006895,0.00254781416006895,0.0
2019-04-22,-0.009135563765924311,-0.009135563765924311,0.0
2019-04-23,-0.0017557782367121542,-0.0017557782367121542,0.0
2019-04-24,0.009603238965316526,0.009603238965316526,0.0
2019-04-25,-0.004585297004858232,-0.004585297004858232,0.0
2019-04-26,0.008648729266698256,0.008648729266698256,0.0
2019-05-03,0.0012216539481824983,0.0012216539481824983,0.0
2019-05-06,-0.00611707961014695,-0.00611707961014695,0.0
2019-05-07,-0.0047028694158216065,-0.0047028694158216065,0.0
2019-05-08,-0.00888579867222717,-0.00888579867222717,0.0
2019-05-09,-0.002564466275531959,-0.002564466275531959,0.0
2019-05-10,-0.0006983751196178325,-0.0006983751196178325,0.0
2019-05-13,-0.004243433871497268,-0.004243433871497268,0.0
2019-05-14,0.0037361550136416574,0.0037361550136416574,0.0
2019-05-15,-0.004016550444312884,-0.004016550444312884,0.0
2019-05-16,0.003377017593612592,0.003377017593612592,0.0
2019-05-17,0.006316901961805132,0.006316901961805132,0.0
2019-05-20,0.024048627508955495,0.024048627508955495,0.0
2019-05-21,-0.007566456792395445,-0.007566456792395445,0.0
2019-05-22,0.0013180065871789273,0.0013180065871789273,0.0
2019-05-23,-0.00210465574550586,-0.00210465574550586,0.0
2019-05-24,0.010987960752306757,0.010987960752306757,0.0
2019-05-29,-0.0037081558698897512,-0.0037081558698897512,0.0
2019-05-30,0.0070042521858261824,0.0070042521858261824,0.0
2019-05-31,0.0031225228561570636,0.0031225228561570636,0.0
2019-06-03,0.01398075990760037,0.01398075990760037,0.0
2019-06-04,-0.0035914972304171722,-0.0035914972304171722,0.0
2019-06-07,0.003392587308256581,0.003392587308256581,0.0
2019-06-10,-0.00045109076382233174,-0.00045109076382233174,0.0
2019-06-11,0.001999475016863906,0.001999475016863906,0.0
2019-06-12,-0.0016110448831058628,-0.0016110448831058628,0.0
2019-06-13,0.0024746452919094503,0.0024746452919094503,0.0
2019-06-14,-0.0051916773622643865,-0.0051916773622643865,0.0
2019-06-17,-0.008749721318813807,-0.008749721318813807,0.0
2019-06-18,0.002806759974939574,0.002806759974939574,0.0
2019-06-19,0.002050483230722049,0.002050483230722049,0.0
2019-06-20,0.01634508799799717,0.01634508799799717,0.0
2019-06-21,-0.003717271418905205,-0.003717271418905205,0.0
2019-06-24,0.0037654878852381624,0.0037654878852381624,0.0
2019-06-25,0.00602448700183825,0.00602448700183825,0.0
2019-06-26,-0.00041536947954524305,-0.00041536947954524305,0.0
2019-06-27,-0.0006702544347091302,-0.0006702544347091302,0.0
2019-06-28,-0.0019736591537352485,-0.0019736591537352485,0.0
2019-07-01,-0.0025914911304463443,-0.0025914911304463443,0.0
2019-07-02,0.009714035715675971,0.009714035715675971,0.0
2019-07-03,0.0009248042305406396,0.0009248042305406396,0.0
2019-07-08,-0.016356460578604962,-0.016356460578604962,0.0
2019-07-09,0.0010734588660421297,0.0010734588660421297,0.0
2019-07-10,0.002291927809158787,0.002291927809158787,0.0
2019-07-11,0.0016713831860449555,0.0016713831860449555,0.0
2019-07-12,0.0004938021795590659,0.0004938021795590659,0.0
2019-07-15,0.0020008033519141486,0.0020008033519141486,0.0
2019-07-16,0.0011243260175836257,0.0011243260175836257,0.0
2019-07-17,0.00710419895739792,0.00710419895739792,0.0
2019-07-18,-7.865920625439084e-05,-7.865920625439084e-05,0.0
2019-07-19,-0.015222183721365098,-0.015222183721365098,0.0
2019-07-22,-0.0041704447070550965,-0.0041704447070550965,0.0
2019-07-23,-0.002895501185336175,-0.002895501185336175,0.0
2019-07-24,-0.001568533994275747,-0.001568533994275747,0.0
2019-07-25,-0.0036495215675560896,-0.0036495215675560896,0.0
2019-07-26,0.0024190528333808098,0.0024190528333808098,0.0
2019-07-29,-0.0030303781468429777,-0.0030303781468429777,0.0
2019-07-30,-0.004721353887640078,-0.004721353887640078,0.0
2019-07-31,-0.002972710572850473,-0.002972710572850473,0.0
2019-08-01,0.0006409242978718395,0.0006409242978718395,0.0
2019-08-02,-0.0004228830793529892,-0.0004228830793529892,0.0
2019-08-05,-0.0026412219302142824,-0.0026412219302142824,0.0
2019-08-06,0.007944716250426039,0.007944716250426039,0.0
2019-08-07,0.00035331343371899866,0.00035331343371899866,0.0
2019-08-08,0.01191910390952505,0.01191910390952505,0.0
2019-08-09,0.003074858725049149,0.003074858725049149,0.0
2019-08-14,0.008449189792397626,0.008449189792397626,0.0
2019-08-19,-0.004074867288619294,-0.004074867288619294,0.0
2019-08-20,0.0007969815776155243,0.0007969815776155243,0.0
2019-08-21,-0.006788203919553656,-0.006788203919553656,0.0
2019-08-22,-0.011165045897013316,-0.011165045897013316,0.0
2019-08-23,0.011490962650452114,0.011432872666516634,0.07745331191397328
2019-08-26,0.013524297996983146,0.013524297996983146,0.0
2019-08-27,0.005863322423605966,0.005863322423605966,0.0
2019-08-28,-0.0013279586062375096,-0.0017805909894767682,0.6035098443190114
2019-08-29,-0.004145372723758103,-0.004145372723758103,0.0
2019-08-30,0.0013709489946370046,0.0013709489946370046,0.0
2019-09-03,-0.0014789166915036799,-0.0014789166915036799,0.0
2019-09-04,0.002765385703348461,0.002765385703348461,0.0
2019-09-05,-0.008292239282213076,-0.008292239282213076,0.0
2019-09-06,0.0013393705333012724,0.0013393705333012724,0.0
2019-09-09,-0.0033471478451301607,-0.0033471478451301607,0.0
2019-09-12,-0.0022886064818640624,-0.0022886064818640624,0.0
2019-09-13,-0.005114499507373688,-0.005114499507373688,0.0
2019-09-16,0.002341856140824029,0.002341856140824029,0.0
2019-09-17,-0.001908736616804658,-0.001908736616804658,0.0
2019-09-18,-7.710213423773548e-05,-7.710213423773548e-05,0.0
2019-09-19,-0.002018706973666968,-0.002018706973666968,0.0
2019-09-20,0.016652346590877214,0.016652346590877214,0.0
2019-09-23,0.008124634446592137,0.008124634446592137,0.0
2019-09-24,0.003615479589907725,0.003615479589907725,0.0
2019-09-25,-0.009542693696537595,-0.009542693696537595,0.0
2019-09-26,0.003979767853715025,0.003979767853715025,0.0
2019-09-27,-0.0008978042021182988,-0.0008978042021182988,0.0
2019-09-30,-0.0021517968040025977,-0.0021517968040025977,0.0
2019-10-01,0.00012541502078947139,0.00012541502078947139,0.0
2019-10-04,-0.0015803272525010735,-0.0015803272525010735,0.0
2019-10-07,-0.0041996343914855565,-0.0041996343914855565,0.0
2019-10-10,-0.0067403106893447326,-0.0067403106893447326,0.0
2019-10-11,-0.003729360164481962,-0.003729360164481962,0.0
2019-10-14,0.00300952396579597,0.00300952396579597,0.0
2019-10-15,-0.0022277163459200324,-0.0022277163459200324,0.0
2019-10-16,0.0026815816608818563,0.0026815816608818563,0.0
2019-10-17,0.0023937354064810087,0.0023937354064810087,0.0
2019-10-18,0.001965445068835223,0.001965445068835223,0.0
2019-10-23,0.0008298114107521523,0.0008298114107521523,0.0
2019-10-24,0.000297218367330641,0.000297218367330641,0.0
2019-10-25,-0.0010815311543911207,-0.0010815311543911207,0.0
2019-10-30,0.004919313644654873,0.004919313644654873,0.0
2019-10-31,0.005943701333937568,0.005943701333937568,0.0
2019-11-01,-0.0008501369774684796,-0.0008501369774684796,0.0
2019-11-04,-0.002640603620310798,-0.002640603620310798,0.0
2019-11-05,-0.005924485061353925,-0.005924485061353925,0.0
2019-11-06,0.003334244511568121,0.003334244511568121,0.0
2019-11-07,-0.006138312203238261,-0.006138312203238261,0.0
2019-11-08,-0.0037092834762530048,-0.0037092834762530048,0.0
2019-11-11,0.0005201752188898481,0.0005201752188898481,0.0
2019-11-14,0.004379960196340589,0.004379960196340589,0.0
2019-11-15,-0.00035458093338531897,-0.00035458093338531897,0.0
2019-11-18,0.0012303221294140462,0.0012303221294140462,0.0
2019-11-19,0.002381462883951105,0.002381462883951105,0.0
2019-11-20,0.003594041700423915,0.003594041700423915,0.0
2019-11-21,-0.0028692345525490443,-0.0028692345525490443,0.0
2019-11-22,-0.0014142955412074726,-0.0014142955412074726,0.0
2019-11-25,0.0028803410421519037,0.0028803410421519037,0.0
2019-11-26,0.0010503611837823952,0.0010503611837823952,0.0
2019-11-27,-0.001044213095147253,-0.001044213095147253,0.0
2019-12-02,-0.0025284312473324495,-0.0025284312473324495,0.0
2019-12-03,0.005732588504754676,0.005732588504754676,0.0
2019-12-04,-0.0016657666537796753,-0.0016657666537796753,0.0
2019-12-05,-0.0019271874547936699,-0.0019271874547936699,0.0
2019-12-06,-0.005079986074352363,-0.005079986074352363,0.0
2019-12-09,0.0008090179963651602,0.0008090179963651602,0.0
2019-12-10,-0.002046964282442759,-0.002046964282442759,0.0
2019-12-11,0.004608172887445323,0.004582363275228029,0.03441281628972539
2019-12-12,-0.004619221399900678,-0.004619221399900678,0.0
2019-12-13,0.006418177041613107,0.006418177041613107,0.0
2019-12-16,-0.0036048623187657823,-0.0036048623187657823,0.0
2019-12-17,0.0019207621891252581,0.0019207621891252581,0.0
2019-12-18,0.002069776426236335,0.0017383094462581855,0.4419559733041993
2019-12-19,0.002297385715462964,0.002297385715462964,0.0
2019-12-20,0.0006433644234713001,0.0006433644234713001,0.0
2019-12-23,-0.0007965535463024682,-0.0007965535463024682,0.0
2019-12-24,-0.0019707756000946586,-0.0019707756000946586,0.0
2019-12-26,-0.00420307199667401,-0.00420307199667401,0.0
2019-12-27,0.006860215432650583,0.006860215432650583,0.0
2019-12-30,0.00031342759505013115,0.00031342759505013115,0.0
2019-12-31,-0.005924866505050818,-0.005924866505050818,0.0
2020-01-03,-0.0006220101862723444,-0.0006220101862723444,0.0
2020-01-06,-0.01288056257005334,-0.01288056257005334,0.0
2020-01-07,0.0026955549637691758,0.0026955549637691758,0.0
2020-01-08,-0.002309581324683673,-0.002309581324683673,0.0
2020-01-09,0.010401127754819588,0.010401127754819588,0.0
2020-01-10,0.0029269358276688903,0.0029269358276688903,0.0
2020-01-13,0.0034303750859312116,0.0034303750859312116,0.0
2020-01-14,0.0024168654941441933,0.0024168654941441933,0.0
2020-01-15,-0.0001237211601603761,-0.0001237211601603761,0.0
2020-01-16,-8.037891167484432e-05,-8.037891167484432e-05,0.0
2020-01-17,-0.000448295851451838,-0.000448295851451838,0.0
2020-01-22,-0.0033116824589671553,-0.0033116824589671553,0.0
2020-01-23,0.004805208345296675,0.004805208345296675,0.0
2020-01-24,0.004861185723853913,0.004861185723853913,0.0
2020-01-27,-0.004549846380380643,-0.004549846380380643,0.0
2020-01-28,-0.004569373560824925,-0.004569373560824925,0.0
2020-01-29,0.005627972258460332,0.005627972258460332,0.0
2020-01-30,-0.004671671844457521,-0.004671671844457521,0.0
2020-01-31,-0.0021785087794738037,-0.0021785087794738037,0.0
2020-02-03,-0.014095436662646626,-0.014095436662646626,0.0
2020-02-04,0.012511298261475127,0.012511298261475127,0.0
2020-02-05,0.0043116682103218245,0.0043116682103218245,0.0
2020-02-06,0.002856609441492791,0.002856609441492791,0.0
2020-02-07,-0.00043215185433480817,-0.00043215185433480817,0.0
2020-02-10,-0.00289096109197374,-0.00289096109197374,0.0
2020-02-11,0.003229095112685943,0.003229095112685943,0.0
2020-02-12,0.004051379266434756,0.004051379266434756,0.0
2020-02-13,-0.0011011475159694842,-0.0011011475159694842,0.0
2020-02-14,-0.0023923802285085788,-0.0023923802285085788,0.0
2020-02-19,0.007083531757343639,0.007083531757343639,0.0
2020-02-20,-0.0013930953375256342,-0.0013930953375256342,0.0
2020-02-25,-0.0007455612306841043,-0.0007455612306841043,0.0
2020-02-26,-0.006752893883777663,-0.006752893883777663,0.0
2020-02-27,-0.0007699631762806954,-0.0007699631762806954,0.0
2020-02-28,-0.02025511241420232,-0.02025511241420232,0.0
2020-03-02,-0.004145597087580404,-0.004145597087580404,0.0
2020-03-03,0.01384817439731083,0.01384817439731083,0.0
2020-03-04,-0.0037340967028108895,-0.0037340967028108895,0.0
2020-03-05,0.004287983060114553,0.004287983060114553,0.0
2020-03-06,-0.011995001703113349,-0.011995001703113349,0.0
2020-03-09,-0.027669256776775012,-0.027669256776775012,0.0
2020-03-12,-0.05220593501666255,-0.05220593501666255,0.0
2020-03-13,0.019039174237381377,0.019039174237381377,0.0
2020-03-16,-0.03635559173374058,-0.03635559173374058,0.0
2020-03-17,-0.02537625365680087,-0.02537625365680087,0.0
2020-03-18,-0.038458733350819035,-0.038458733350819035,0.0
2020-03-19,-0.012187156581518128,-0.012187156581518128,0.0
2020-03-20,0.04246460545371952,0.04246460545371952,0.0
2020-03-23,-0.07212964884424457,-0.07212964884424457,0.0
2020-03-24,0.009480317320427652,0.009480317320427652,0.0
2020-03-25,0.03389179320677449,0.03389179320677449,0.0
2020-03-26,0.02169919212869797,0.02169919212869797,0.0
2020-03-27,0.004080792783622907,0.003804061844620272,0.3689745853368468
2020-03-30,-0.005751327269052868,-0.005751327269052868,0.0
2020-03-31,0.0021058030743083653,0.0021058030743083653,0.0
2020-04-01,-0.0030352153914466784,-0.0030352153914466784,0.0
2020-04-08,-0.0031641587898422613,-0.0031641587898422613,0.0
2020-04-09,0.012653503983191346,0.012653503983191346,0.0
2020-04-13,-0.0008411653552662597,-0.0008411653552662597,0.0
2020-04-16,0.0018562599641026546,0.0018562599641026546,0.0
2020-04-17,0.0001628742991558414,0.0001628742991558414,0.0
2020-04-20,0.0028082725017315163,0.0028082725017315163,0.0
2020-04-21,-0.004835270443540486,-0.004835270443540486,0.0
2020-04-22,0.005170759252596002,0.005170759252596002,0.0
2020-04-23,0.004539335031947928,0.004539335031947928,0.0
2020-04-24,-0.0036648578920922153,-0.0036648578920922153,0.0
2020-04-27,-0.0021732880699388414,-0.0021732880699388414,0.0
2020-04-28,0.003966019102864721,0.003966019102864721,0.0
2020-04-29,0.003898832471972092,0.003898832471972092,0.0
2020-04-30,0.0011485066536761957,0.0011485066536761957,0.0
2020-05-05,-0.0015686592348092552,-0.0015686592348092552,0.0
2020-05-06,-0.0032291724429232217,-0.0032291724429232217,0.0
2020-05-07,0.004975615737618619,0.004975615737618619,0.0
2020-05-08,-0.002068704328391015,-0.002068704328391015,0.0
2020-05-11,-0.003098088720623714,-0.003098088720623714,0.0
2020-05-12,0.0018995143475638002,0.0018995143475638002,0.0
2020-05-13,0.0066856074087091304,0.0066856074087091304,0.0
2020-05-14,-0.002462134863448484,-0.002462134863448484,0.0
2020-05-15,0.0004033097416235527,0.0004033097416235527,0.0
2020-05-18,-0.011730515773894216,-0.011730515773894216,0.0
2020-05-19,0.004590729370172334,0.004590729370172334,0.0
2020-05-20,0.004345915613239102,0.004345915613239102,0.0
2020-05-21,-0.0012728357405111116,-0.0012728357405111116,0.0
2020-05-22,0.0008472695849727364,0.0008472695849727364,0.0
2020-05-26,-0.004328142552743556,-0.004328142552743556,0.0
2020-05-27,0.006573233337502096,0.006573233337502096,0.0
2020-05-28,0.0034862974019737834,0.0034862974019737834,0.0
2020-05-29,0.005088018375693129,0.005088018375693129,0.0
2020-06-01,0.005384972328798892,0.005384972328798892,0.0
2020-06-02,0.0008981995890836325,0.0008981995890836325,0.0
2020-06-03,-0.0052193685406829796,-0.0052193685406829796,0.0
2020-06-04,-0.0014706010783718524,-0.0014706010783718524,0.0
2020-06-05,-0.004292682485186608,-0.004292682485186608,0.0
2020-06-08,0.0029446106727297593,0.0029446106727297593,0.0
2020-06-09,0.001391774163231775,0.001391774163231775,0.0
2020-06-10,0.008456683378328722,0.008456683378328722,0.0
2020-06-11,-0.0032680122054904166,-0.0032680122054904166,0.0
2020-06-12,0.00022859467186754043,0.00022859467186754043,0.0
2020-06-15,-0.004021159851279012,-0.004021159851279012,0.0
2020-06-16,0.0006015649189591162,0.0006015649189591162,0.0
2020-06-17,0.0006549055693724442,0.0006549055693724442,0.0
2020-06-18,0.005255533146432079,0.005255533146432079,0.0
2020-06-19,0.005032557276675424,0.005032557276675424,0.0
2020-06-22,0.0018133249450680662,0.0018133249450680662,0.0
2020-06-23,0.004321392751575434,0.004321392751575434,0.0
2020-06-24,-0.0026820349511617993,-0.0026820349511617993,0.0
2020-06-25,-0.0003208737040515786,-0.0003208737040515786,0.0
2020-06-26,0.004298473930851555,0.004298473930851555,0.0
2020-06-29,-0.000682590218991215,-0.000682590218991215,0.0
2020-06-30,-0.0005981404825067182,-0.0005981404825067182,0.0
2020-07-01,0.0007631233546183358,0.0007631233546183358,0.0
2020-07-02,0.003511553239724559,0.003511553239724559,0.0
2020-07-07,0.003979688619258045,0.0039021010099430558,0.10345014575331915
2020-07-08,-0.0003805852196923818,-0.0003805852196923818,0.0
2020-07-09,0.002423329699438077,0.002423329699438077,0.0
2020-07-10,-0.0023539565272338568,-0.0023539565272338568,0.0
2020-07-13,0.001329696016869488,0.001329696016869488,0.0
2020-07-14,-0.0007798084061974389,-0.0007798084061974389,0.0
2020-07-15,0.00010969225837954015,0.00010969225837954015,0.0
2020-07-16,-0.0007330782253501758,-0.0007330782253501758,0.0
2020-07-17,0.003399085115180726,0.003399085115180726,0.0
2020-07-20,0.0027580969339030354,0.0027580969339030354,0.0
2020-07-21,0.004987840969992654,0.004987840969992654,0.0
2020-07-22,0.0037097376286022382,0.0037097376286022382,0.0
2020-07-23,0.003631576078165469,0.003631576078165469,0.0
2020-07-24,0.0016611946883160274,0.0016611946883160274,0.0
2020-07-27,0.00343702979490723,0.00343702979490723,0.0
2020-07-28,0.005232412730681549,0.005232412730681549,0.0
2020-07-29,0.0001890375517652499,0.00010346611252791757,0.1140952523164431
2020-07-30,-0.0020144867721407765,-0.0020144867721407765,0.0
2020-07-31,0.0009766917587861494,0.0009766917587861494,0.0
2020-08-03,-0.003444190788243861,-0.003444190788243861,0.0
2020-08-04,0.009017469693496706,0.009017469693496706,0.0
2020-08-05,-0.0006611837672199299,-0.0006611837672199299,0.0
2020-08-06,0.004505086458040292,0.004505086458040292,0.0
2020-08-07,-0.0035889594159009934,-0.0035889594159009934,0.0
2020-08-10,-0.000215469294539764,-0.000215469294539764,0.0
2020-08-11,-0.009654069225450063,-0.009654069225450063,0.0
2020-08-12,-0.0028558961443281997,-0.0028558961443281997,0.0
2020-08-13,0.001884129899039479,0.001884129899039479,0.0
2020-08-14,-0.0025303068169219385,-0.0025303068169219385,0.0
2020-08-17,0.005467206785451432,0.005467206785451432,0.0
2020-08-18,0.004930478072887282,0.004930478072887282,0.0
2020-08-19,-0.005249284470663769,-0.005249284470663769,0.0
2020-08-20,0.001130329121263303,0.001130329121263303,0.0
2020-08-21,0.00036297153681010604,0.00036297153681010604,0.0
2020-08-24,-3.4446670977617145e-05,-3.4446670977617145e-05,0.0
2020-08-25,-0.0012653914046340461,-0.0012653914046340461,0.0
2020-08-26,0.0028242157205208875,0.0028242157205208875,0.0
2020-08-27,-0.0038192273504235696,-0.0038192273504235696,0.0
2020-08-28,0.005154782554058803,0.005154782554058803,0.0
2020-08-31,-0.0036729054017569066,-0.0036729054017569066,0.0
2020-09-01,0.003776482469637383,0.003776482469637383,0.0
2020-09-02,0.00010843957216977498,0.00010843957216977498,0.0
2020-09-03,-0.00047073861485435537,-0.00047073861485435537,0.0
2020-09-04,-0.006722888801947236,-0.006722888801947236,0.0
2020-09-09,0.0017051679954673531,0.0016292110752507136,0.10127589362218593
2020-09-10,0.0015419260429167297,0.0015419260429167297,0.0
2020-09-11,0.0011350818951294816,0.0011350818951294816,0.0
2020-09-14,0.0011377030223617736,0.0011377030223617736,0.0
2020-09-15,-0.00017690661638317522,-0.00017690661638317522,0.0
2020-09-16,0.0010785030931296476,0.0010785030931296476,0.0
2020-09-17,-0.001961700202910945,-0.001961700202910945,0.0
2020-09-18,-0.0005908840428876334,-0.0006664981576277566,0.10081881965349758
2020-09-21,-0.00635201898740001,-0.00635201898740001,0.0
2020-09-22,-0.0024318066262311107,-0.0024318066262311107,0.0
2020-09-23,-0.003556097869482584,-0.003556097869482584,0.0
2020-09-24,-0.0050539742305333295,-0.0050539742305333295,0.0
2020-09-25,0.004468881666922471,0.004468881666922471,0.0
2020-09-28,0.004456467218653387,0.004456467218653387,0.0
2020-09-29,0.0015965302221327242,0.0015965302221327242,0.0
2020-09-30,-0.00220086692759088,-0.00220086692759088,0.0
2020-10-01,0.004635787699934045,0.004635787699934045,0.0
2020-10-06,0.0025753950512024493,0.0025753950512024493,0.0
2020-10-07,-0.000620813515230839,-0.000620813515230839,0.0
2020-10-08,0.0029867432956159944,0.002923231665454257,0.08468217354898336
2020-10-09,0.004595175353559127,0.004595175353559127,0.0
2020-10-12,0.00020579146849958676,0.00020579146849958676,0.0
2020-10-13,-0.0021620162453811595,-0.0021620162453811595,0.0
2020-10-14,0.0012931684854030972,0.0012931684854030972,0.0
2020-10-15,-0.0029307421117104326,-0.0029307421117104326,0.0
2020-10-16,-0.00031394458831544175,-0.00031394458831544175,0.0
2020-10-19,0.00019080235897213715,0.00019080235897213715,0.0
2020-10-20,-5.289978899437554e-05,-5.289978899437554e-05,0.0
2020-10-21,0.0012835805484366959,0.0012835805484366959,0.0
2020-10-22,-0.004948039413150247,-0.004948039413150247,0.0
2020-10-23,0.001024561941570485,0.001024561941570485,0.0
2020-10-26,-0.0001104515401688501,-0.0001104515401688501,0.0
2020-10-27,0.003315397054037719,0.003315397054037719,0.0
2020-10-28,-0.005445250174768493,-0.005445250174768493,0.0
2020-10-29,-0.0043075878502785315,-0.0043075878502785315,0.0
2020-10-30,-0.0013840416480907104,-0.0013840416480907104,0.0
2020-11-02,0.003813297804386223,0.00379062569506007,0.0302294791015379
2020-11-03,0.0011437778641293762,0.0011437778641293762,0.0
2020-11-04,0.006025319524083356,0.006025319524083356,0.0
2020-11-05,0.007415268435457288,0.007415268435457288,0.0
2020-11-06,-0.000699965234943949,-0.000699965234943949,0.0
2020-11-09,-0.015124677959776005,-0.015124677959776005,0.0
2020-11-10,0.00034283546360306137,0.00034283546360306137,0.0
2020-11-11,0.0011939575105002521,0.0011725854629594573,0.028496063387726374
2020-11-12,0.004486431649573121,0.004486431649573121,0.0
2020-11-13,0.0009512330124773117,0.0009512330124773117,0.0
2020-11-18,-0.000911142060404927,-0.000911142060404927,0.0
2020-11-19,-0.0013264326408038056,-0.0013264326408038056,0.0
2020-11-20,0.0026534084369089993,0.0026534084369089993,0.0
2020-11-23,-0.005157048704509792,-0.005157048704509792,0.0
2020-11-24,-0.0032474310895536035,-0.0032474310895536035,0.0
2020-11-25,-0.0017948827018105325,-0.0017948827018105325,0.0
2020-12-02,0.0006003504167713757,0.0006003504167713757,0.0
2020-12-03,0.0036814226580503405,0.0036814226580503405,0.0
2020-12-04,-0.0020326513041238016,-0.0020326513041238016,0.0
2020-12-07,0.006230809976603064,0.006230809976603064,0.0
2020-12-08,0.0017824204240556522,0.0017824204240556522,0.0
2020-12-09,-0.0035343920404088645,-0.0035343920404088645,0.0
2020-12-10,0.0005637515795760639,0.0005637515795760639,0.0
2020-12-11,0.0020486574809410124,0.0020486574809410124,0.0
2020-12-14,-0.0011882085082245838,-0.0011882085082245838,0.0
2020-12-15,0.0025011425311620753,0.0025011425311620753,0.0
2020-12-16,0.001755244834047012,0.001755244834047012,0.0
2020-12-17,0.0024115081911023567,0.0024115081911023567,0.0
2020-12-18,-0.000738673111825325,-0.000738673111825325,0.0
2020-12-21,-0.004379589961547361,-0.004379589961547361,0.0
2020-12-22,0.0005793209865805097,0.0005793209865805097,0.0
2020-12-23,0.0013794766778783278,0.0013794766778783278,0.0
2020-12-24,0.0031916832291121583,0.0031916832291121583,0.0
2020-12-28,0.0003848477667304455,0.0003848477667304455,0.0
2020-12-29,0.0012588526136522895,0.0012588526136522895,0.0
2020-12-30,0.002602490069257292,0.002602490069257292,0.0
2020-12-31,0.0012652248090136025,0.0012652248090136025,0.0
2021-01-05,-0.0002267313868095873,-0.0002267313868095873,0.0
2021-01-06,-0.007977254303717691,-0.007977254303717691,0.0
2021-01-07,-0.0028860262914789316,-0.0028860262914789316,0.0
2021-01-08,-0.007758761191636056,-0.007758761191636056,0.0
2021-01-11,-0.0004119664208731503,-0.0004119664208731503,0.0
2021-01-12,0.002035307555838751,0.002035307555838751,0.0
2021-01-13,0.0013001134584475376,0.0013001134584475376,0.0
2021-01-14,-0.001302157063339514,-0.001302157063339514,0.0
2021-01-15,-0.002502358068728326,-0.002502358068728326,0.0
2021-01-20,0.006124312930426391,0.006014866475609719,0.14592860642222927
2021-01-21,-0.0018861866602978804,-0.0018861866602978804,0.0
2021-01-22,-0.005175132355051069,-0.005175132355051069,0.0
2021-01-25,-0.00031586697862941095,-0.00031586697862941095,0.0
2021-01-28,-0.004034719953258696,-0.004034719953258696,0.0
2021-01-29,-0.004573665303803807,-0.004573665303803807,0.0
2021-02-01,0.015099532043716642,0.015099532043716642,0.0
2021-02-02,0.0029585123247633546,0.0029585123247633546,0.0
2021-02-03,0.0011587709344065761,0.0011587709344065761,0.0
2021-02-04,-0.0029416660606415984,-0.0029416660606415984,0.0
2021-02-05,0.0016167860869708312,0.0016167860869708312,0.0
2021-02-08,0.006045506671802675,0.006045506671802675,0.0
2021-02-09,0.0009650415459440115,0.0009650415459440115,0.0
2021-02-10,0.0019992183214967187,0.0019992183214967187,0.0
2021-02-11,-0.001022427622291638,-0.001022427622291638,0.0
2021-02-12,-0.0024837353920204768,-0.0024837353920204768,0.0
2021-02-17,-0.004131367334733093,-0.004131367334733093,0.0
2021-02-18,-0.0017674645734117506,-0.0017674645734117506,0.0
2021-02-19,-0.0037205625035467895,-0.0037205625035467895,0.0
2021-02-22,-0.0034675322917863054,-0.0034675322917863054,0.0
2021-02-23,0.00048612537409240924,0.00048612537409240924,0.0
2021-02-24,0.004357432171646929,0.004357432171646929,0.0
2021-02-25,-0.008630600698352047,-0.008630600698352047,0.0
2021-02-26,-0.012072444762430508,-0.012072444762430508,0.0
2021-03-01,0.003542644668600449,0.003542644668600449,0.0
2021-03-02,0.005106096165488801,0.005106096165488801,0.0
2021-03-03,0.00117010874210564,0.00117010874210564,0.0
2021-03-04,-0.00773784369243337,-0.00773784369243337,0.0
2021-03-05,-0.003339151211955928,-0.003339151211955928,0.0
2021-03-08,-0.0038188189654606193,-0.0038188189654606193,0.0
2021-03-09,0.009548950644109766,0.009548950644109766,0.0
2021-03-10,0.003593370614583465,0.003593370614583465,0.0
2021-03-15,-0.00043665771654692554,-0.00043665771654692554,0.0
2021-03-16,-0.0002594245964572659,-0.0002594245964572659,0.0
2021-03-17,-0.0030025515547746295,-0.0030025515547746295,0.0
2021-03-18,-0.0075749479613773174,-0.0075749479613773174,0.0
2021-03-19,0.004238023503694343,0.004238023503694343,0.0
2021-03-22,0.0011458844698278832,0.0011458844698278832,0.0
2021-03-23,0.002379477058520979,0.002379477058520979,0.0
2021-03-24,-0.0038314058804864784,-0.0038314058804864784,0.0
2021-03-25,-0.005874877900790525,-0.005874877900790525,0.0
2021-03-26,0.0025123385416608267,0.0025123385416608267,0.0
2021-03-31,-0.0004232988436678195,-0.0004232988436678195,0.0
2021-04-01,0.008335196050847192,0.008335196050847192,0.0
2021-04-05,-0.005890581627527557,-0.005890581627527557,0.0
2021-04-06,0.005065064300975282,0.005065064300975282,0.0
2021-04-07,0.0016368644962678855,0.0016368644962678855,0.0
2021-04-08,0.005114472280949117,0.005114472280949117,0.0
2021-04-09,-0.0037327381920491875,-0.0037327381920491875,0.0
2021-04-12,-0.011797690581797334,-0.011797690581797334,0.0
2021-04-13,0.00735360000291375,0.00735360000291375,0.0
2021-04-16,0.0006833370699616421,0.0006833370699616421,0.0
2021-04-19,-0.006089625673623398,-0.006089625673623398,0.0
2021-04-20,0.0010832829091423565,0.0010832829091423565,0.0
2021-04-23,-0.002752508661400356,-0.002752508661400356,0.0
2021-04-26,0.0027801383399537957,0.0027801383399537957,0.0
2021-04-27,0.0006184617885270011,0.0006184617885270011,0.0
2021-04-28,0.00528505830335439,0.00528505830335439,0.0
2021-04-29,-0.001230366455075884,-0.001230366455075884,0.0
2021-04-30,-0.005329098988938613,-0.005329098988938613,0.0
2021-05-03,0.0037982317440059237,0.0037982317440059237,0.0
2021-05-04,-0.003616954345102639,-0.003616954345102639,0.0
2021-05-05,0.0038302001881097923,0.0038302001881097923,0.0
2021-05-06,0.005976947786911851,0.005933491687060138,0.05794146646895042
2021-05-07,0.00391016599404505,0.00391016599404505,0.0
2021-05-10,0.0014631907024216975,0.0014631907024216975,0.0
2021-05-11,-0.0021796552818063733,-0.0021796552818063733,0.0
2021-05-12,-0.007381048398887378,-0.007381048398887378,0.0
2021-05-17,0.006069638878244356,0.006069638878244356,0.0
2021-05-18,0.0032158904089309003,0.0032158904089309003,0.0
2021-05-19,-0.0025298217534776854,-0.0025298217534776854,0.0
2021-05-20,0.0014810660367264774,0.0014810660367264774,0.0
2021-05-21,0.0042342836904250385,0.0042342836904250385,0.0
2021-05-24,0.00128189198575823,0.00128189198575823,0.0
2021-05-25,0.004389356565296281,0.004389356565296281,0.0
2021-05-26,0.0003134677647155629,0.0003134677647155629,0.0
2021-05-27,-0.000273471217872254,-0.000273471217872254,0.0
2021-05-28,0.0023498376654109547,0.0023498376654109547,0.0
2021-06-02,0.0018690590666211127,0.0018690590666211127,0.0
2021-06-03,-0.004803109942208602,-0.004803109942208602,0.0
2021-06-04,0.00529803598427521,0.00529803598427521,0.0
2021-06-07,0.001790627738407039,0.001790627738407039,0.0
2021-06-08,0.0005193366658678592,0.0005193366658678592,0.0
2021-06-09,-0.0003852663424401463,-0.0003852663424401463,0.0
2021-06-10,0.0044060168518661215,0.0044060168518661215,0.0
2021-06-11,-0.002781999120750861,-0.002781999120750861,0.0
2021-06-14,-0.0029337546462377606,-0.0029337546462377606,0.0
2021-06-15,-4.4340003354014954e-05,-4.4340003354014954e-05,0.0
2021-06-16,-0.009337989796553241,-0.009337989796553241,0.0
2021-06-17,-0.007064266492692427,-0.007064266492692427,0.0
2021-06-18,0.0014923817495013604,0.0014923817495013604,0.0
2021-06-21,0.002177879896149475,0.002177879896149475,0.0
2021-06-22,0.00031033238090890617,0.00031033238090890617,0.0
2021-06-23,-0.002464754153728157,-0.002464754153728157,0.0
2021-06-24,0.0012677416803045414,0.0012677416803045414,0.0
2021-06-25,0.0007261347628579499,0.0007261347628579499,0.0
2021-06-28,0.0009597410256040655,0.0009597410256040655,0.0
2021-06-29,-0.003272440292409951,-0.003272440292409951,0.0
2021-06-30,-0.0005672475825413951,-0.000882225755424707,0.41997089717774916
2021-07-01,-0.0019685845992324295,-0.0019685845992324295,0.0
2021-07-02,0.0030204688317119815,0.0030204688317119815,0.0
2021-07-07,0.0035379875355649767,0.0035379875355649767,0.0
2021-07-08,-0.005328475496418774,-0.005328475496418774,0.0
2021-07-09,-0.0033562199245358087,-0.0033562199245358087,0.0
2021-07-12,-6.687692441301916e-05,-6.687692441301916e-05,0.0
2021-07-13,0.0038222741019432417,0.0038222741019432417,0.0
2021-07-14,0.003214776696955796,0.003214776696955796,0.0
2021-07-15,0.004342661402415279,0.004342661402415279,0.0
2021-07-16,-9.270343459740672e-05,-9.270343459740672e-05,0.0
2021-07-19,-0.00401755766250945,-0.00401755766250945,0.0
2021-07-20,-0.005393311697446682,-0.005393311697446682,0.0
2021-07-23,0.0007514216521908247,0.0007514216521908247,0.0
2021-07-26,-0.0015276922780970712,-0.0015276922780970712,0.0
2021-07-27,-0.0016616064023904887,-0.0016616064023904887,0.0
2021-07-28,-0.0012064277777544881,-0.0012064277777544881,0.0
2021-07-29,0.0017096604514621988,0.0017096604514621988,0.0
2021-07-30,0.0003766981738233294,0.0003766981738233294,0.0
2021-08-02,0.006519121619112897,0.006519121619112897,0.0
2021-08-03,0.009945432931294039,0.009945432931294039,0.0
2021-08-04,0.005015848678361224,0.005015848678361224,0.0
2021-08-05,0.00013944021643511094,0.00013944021643511094,0.0
2021-08-06,-0.004313774914480402,-0.004313774914480402,0.0
2021-08-09,5.1831191406073404e-05,5.1831191406073404e-05,0.0
2021-08-10,0.0002137032720634501,0.0002137032720634501,0.0
2021-08-11,0.00047507297210380603,0.00047507297210380603,0.0
2021-08-12,0.0029157154161395214,0.0029157154161395214,0.0
2021-08-13,0.0085241809535045,0.0085241809535045,0.0
2021-08-16,0.002108659494803114,0.002108659494803114,0.0
2021-08-17,0.0018521217339211784,0.0018521217339211784,0.0
2021-08-18,-0.0019799174215122113,-0.0019799174215122113,0.0
2021-08-23,0.004086830682989092,0.003878063666439144,0.27835602206659715
2021-08-24,0.0017451236747396907,0.0017451236747396907,0.0
2021-08-25,-0.0029634000226828523,-0.0029634000226828523,0.0
2021-08-26,0.0003273317457631403,0.0003273317457631403,0.0
2021-08-27,0.006414024178761358,0.006414024178761358,0.0
2021-08-30,0.004588101369113388,0.004588101369113388,0.0
2021-08-31,0.004276869022208836,0.004276869022208836,0.0
2021-09-01,-0.0010800798087556296,-0.0010800798087556296,0.0
2021-09-02,0.0033219002049437963,0.0033219002049437963,0.0
2021-09-03,0.003670903555910477,0.003670903555910477,0.0
2021-09-08,0.00021644302169341367,0.00021644302169341367,0.0
2021-09-09,0.0024704644127343336,0.0024704644127343336,0.0
2021-09-14,0.003505888400233786,0.003505888400233786,0.0
2021-09-15,0.0009960404895537791,0.0009960404895537791,0.0
2021-09-16,-0.004304318243370495,-0.004304318243370495,0.0
2021-09-17,-0.0024442075356052935,-0.0024442075356052935,0.0
2021-09-20,-0.0006302899435931294,-0.0006302899435931294,0.0
2021-09-21,0.005020730629118994,0.005020730629118994,0.0
2021-09-22,-0.0008887975534575836,-0.0008887975534575836,0.0
2021-09-23,-0.00010240083262681607,-0.00010240083262681607,0.0
2021-09-24,-0.0007500399914671801,-0.0007500399914671801,0.0
2021-09-27,-0.0004533272410357981,-0.0004533272410357981,0.0
2021-09-28,-0.006085328766196985,-0.006085328766196985,0.0
2021-09-29,-0.0015151305642043082,-0.0015151305642043082,0.0
2021-09-30,0.0025631495199933832,0.0025631495199933832,0.0
2021-10-01,0.00011872851675045347,0.00011872851675045347,0.0
2021-10-04,0.004197838142094138,0.004197838142094138,0.0
2021-10-05,0.0006249430528943253,0.0006249430528943253,0.0
2021-10-06,-0.0031916674784934684,-0.0031916674784934684,0.0
2021-10-07,0.0004526188140806294,0.0004526188140806294,0.0
2021-10-08,0.0016237559797698123,0.0016237559797698123,0.0
2021-10-11,-0.00022075105895662456,-0.00022075105895662456,0.0
2021-10-12,0.0037453141509480718,0.0037453141509480718,0.0
2021-10-13,0.00863206191381555,0.00863206191381555,0.0
2021-10-14,0.005290362513919992,0.005290362513919992,0.0
2021-10-19,-0.0017894505749950671,-0.0017894505749950671,0.0
2021-10-20,-0.001366636241600297,-0.001366636241600297,0.0
2021-10-21,-0.0030932759007630773,-0.0030932759007630773,0.0
2021-10-22,0.0010281305644546906,0.0010281305644546906,0.0
2021-10-25,0.002359660174053444,0.002359660174053444,0.0
2021-10-26,0.0055372387235453745,0.0053445072700324305,0.2569752713505917
2021-10-27,-0.00010514441740168716,-0.00010514441740168716,0.0
2021-10-28,-0.01365569356232818,-0.01365569356232818,0.0
2021-10-29,-0.0065904814027782106,-0.0065904814027782106,0.0
2021-11-01,0.009293020073597428,0.009293020073597428,0.0
2021-11-02,-0.0006056736265814892,-0.0006056736265814892,0.0
2021-11-03,-0.0032729506076767095,-0.0032729506076767095,0.0
2021-11-04,0.005078938529526926,0.005078938529526926,0.0
2021-11-09,0.0007603431561227504,0.0007603431561227504,0.0
2021-11-10,-0.00402582248567749,-0.00402582248567749,0.0
2021-11-11,-0.006309955120973531,-0.006309955120973531,0.0
2021-11-12,0.0089538904478247,0.0089538904478247,0.0
2021-11-15,-0.001150333051387795,-0.001150333051387795,0.0
2021-11-16,-0.004264090261951669,-0.004264090261951669,0.0
2021-11-17,-0.002353801560141677,-0.002353801560141677,0.0
2021-11-18,-0.004619984459033902,-0.004619984459033902,0.0
2021-11-23,0.0017180235439188385,0.0017180235439188385,0.0
2021-11-24,-0.002166598973817946,-0.002166598973817946,0.0
2021-11-29,0.00023150158929533058,0.00023150158929533058,0.0
2021-11-30,-0.0020337816203103995,-0.002244560505740622,0.28103851390696377
2021-12-01,0.006345535595902123,0.006345535595902123,0.0
2021-12-02,0.0037987517286345923,0.0037987517286345923,0.0
2021-12-03,-0.0012868591647991773,-0.0012868591647991773,0.0
2021-12-06,-0.009409356189739837,-0.009409356189739837,0.0
2021-12-07,0.006664406670021188,0.006664406670021188,0.0
2021-12-08,0.006672373867430195,0.006672373867430195,0.0
2021-12-09,0.00018704564584540694,0.00018704564584540694,0.0
2021-12-10,0.0012180448105027892,0.0012180448105027892,0.0
2021-12-13,-0.001614987948294691,-0.001614987948294691,0.0
2021-12-14,-0.004201933674445793,-0.004201933674445793,0.0
2021-12-15,-0.0018718396495853665,-0.0018718396495853665,0.0
2021-12-16,0.004861259899329887,0.004861259899329887,0.0
2021-12-17,-0.006711948250993047,-0.006711948250993047,0.0
2021-12-20,-0.011036320736056125,-0.011036320736056125,0.0
2021-12-21,0.0027747986281507785,0.0027747986281507785,0.0
2021-12-22,0.0076552776134792815,0.0076552776134792815,0.0
2021-12-23,0.003039280147501912,0.003039280147501912,0.0
2021-12-28,0.0024575185924018564,0.0024575185924018564,0.0
2021-12-29,-0.0020203384395556133,-0.0020203384395556133,0.0
2021-12-30,0.0026951031978851097,0.0026951031978851097,0.0
2021-12-31,0.00541113407531388,0.00541113407531388,0.0
2022-01-03,-0.0001831286727407811,-0.0001831286727407811,0.0
2022-01-04,0.006420836684634425,0.006420836684634425,0.0
2022-01-05,0.0010065673866765355,0.0010065673866765355,0.0
2022-01-06,-0.008625353786276154,-0.008625353786276154,0.0
2022-01-07,0.002051043682048575,0.002051043682048575,0.0
2022-01-10,0.0055593571090513045,0.0055593571090513045,0.0
2022-01-11,0.005290154415226973,0.005290154415226973,0.0
2022-01-12,0.004679426356652233,0.004679426356652233,0.0
2022-01-13,0.001033772671782101,0.001033772671782101,0.0
2022-01-14,-0.00270891928082051,-0.00270891928082051,0.0
2022-01-19,0.0006143769529541724,0.0006143769529541724,0.0
2022-01-20,-0.004703152228738029,-0.004703152228738029,0.0
2022-01-21,-0.002900140365818193,-0.002900140365818193,0.0
2022-01-24,-0.010682985524054176,-0.010682985524054176,0.0
2022-01-25,0.003827044754255295,0.003827044754255295,0.0
2022-01-28,-0.00043395478285686707,-0.00043395478285686707,0.0
2022-01-31,0.007760045209827114,0.007760045209827114,0.0
2022-02-01,0.0058708013254360454,0.0058708013254360454,0.0
2022-02-02,0.006700570202748009,0.006700570202748009,0.0
2022-02-03,-0.007121645742109726,-0.007121645742109726,0.0
2022-02-04,-0.0027561828031183095,-0.0027561828031183095,0.0
2022-02-07,-0.0055814509791231,-0.0055814509791231,0.0
2022-02-08,0.0013643528228710774,0.0013643528228710774,0.0
2022-02-09,0.006350057063281404,0.006350057063281404,0.0
2022-02-10,1.6784273635901255e-05,1.6784273635901255e-05,0.0
2022-02-11,0.0022747358793282282,0.0022747358793282282,0.0
2022-02-14,-0.013965814989239099,-0.013965814989239099,0.0
2022-02-15,0.00922043552376149,0.00922043552376149,0.0
2022-02-16,0.0027858520245618245,0.0027858520245618245,0.0
2022-02-17,0.004981932366652893,0.004981932366652893,0.0
2022-02-18,-7.033104386392709e-05,-7.033104386392709e-05,0.0
2022-02-23,-0.0007947313627166592,-0.0007947313627166592,0.0
2022-02-24,-0.022616993935830738,-0.022616993935830738,0.0
2022-02-25,0.009474472142286574,0.009474472142286574,0.0
2022-02-28,0.009628508918962386,0.009628508918962386,0.0
2022-03-03,0.00014743081299941702,0.00014743081299941702,0.0
2022-03-04,0.0008741479515988206,0.0008741479515988206,0.0
2022-03-07,-0.006625271953763189,-0.006625271953763189,0.0
2022-03-08,0.010559138017468704,0.010559138017468704,0.0
2022-03-09,-0.0028300873039122706,-0.0028300873039122706,0.0
2022-03-10,0.006112638237457814,0.006112638237457814,0.0
2022-03-11,-0.001978413935577077,-0.0020450546360510067,0.08885426729857314
2022-03-14,-0.002531546172880367,-0.002531546172880367,0.0
2022-03-15,-0.012670860997292682,-0.012670860997292682,0.0
2022-03-16,0.009944528473806008,0.009944528473806008,0.0
2022-03-17,0.00921294213961675,0.00921294213961675,0.0
2022-03-22,-0.004339985328659748,-0.004686272984570574,0.4617168745477681
2022-03-23,0.007415048160645443,0.007415048160645443,0.0
2022-03-24,-0.0018962116539409215,-0.0018962116539409215,0.0
2022-03-25,-0.008115140929516164,-0.008115140929516164,0.0
2022-03-28,-0.0029242216154719987,-0.0029242216154719987,0.0
2022-03-29,0.0039136588889746105,0.0039136588889746105,0.0
2022-03-30,0.005542433350932542,0.005542433350932542,0.0
2022-03-31,-0.00027524893662919853,-0.0006173375212794287,0.45611811286697357
2022-04-01,0.0010014535745621693,0.0010014535745621693,0.0
2022-04-04,0.01066526056650183,0.01066526056650183,0.0
2022-04-05,-0.006961651472104098,-0.006961651472104098,0.0
2022-04-06,-0.003252125519966613,-0.003252125519966613,0.0
2022-04-07,-0.0029290354809056833,-0.0029290354809056833,0.0
2022-04-08,0.004920186578133942,0.004920186578133942,0.0
2022-04-11,-0.0014890381593982186,-0.0014890381593982186,0.0
2022-04-12,0.0005574028693471135,0.0005574028693471135,0.0
2022-04-13,0.001058561106023493,0.001058561106023493,0.0
2022-04-19,-0.01254976933153305,-0.01254976933153305,0.0
2022-04-20,0.007693233415223186,0.007693233415223186,0.0
2022-04-21,0.0036003814460234228,0.0036003814460234228,0.0
2022-04-22,-0.00910679862708172,-0.00910679862708172,0.0
2022-04-25,-0.011323373956889343,-0.011323373956889343,0.0
2022-04-26,0.007829930530391065,0.007829930530391065,0.0
2022-04-27,-0.007993002695576625,-0.007993002695576625,0.0
2022-04-28,0.00684062908925432,0.00684062908925432,0.0
2022-04-29,-0.004509309777879423,-0.004509309777879423,0.0
2022-05-02,-0.009638917691023334,-0.009638917691023334,0.0
2022-05-05,-0.003284530310921481,-0.003284530310921481,0.0
2022-05-06,-0.0073078356006622555,-0.0073078356006622555,0.0
2022-05-09,-0.007155486830438745,-0.007155486830438745,0.0
2022-05-10,-0.004271578181764407,-0.004271578181764407,0.0
2022-05-11,0.002494946881268714,0.002494946881268714,0.0
2022-05-12,-0.014714930251622715,-0.014714930251622715,0.0
2022-05-13,-0.00490599857583854,-0.00490599857583854,0.0
2022-05-16,0.006107127396017477,0.006107127396017477,0.0
2022-05-17,0.006685615346329446,0.006685615346329446,0.0
2022-05-18,0.0010973903983828865,0.0010973903983828865,0.0
2022-05-19,-0.004858631418962817,-0.004858631418962817,0.0
2022-05-20,0.012803962375104878,0.012803962375104878,0.0
2022-05-23,-0.0006879172824715198,-0.0006879172824715198,0.0
2022-05-24,0.0023219523329067386,0.0023219523329067386,0.0
2022-05-25,-0.004526792560261174,-0.004526792560261174,0.0
2022-05-26,0.0028458028299597404,0.0028458028299597404,0.0
2022-05-27,0.005101793005866675,0.005101793005866675,0.0
2022-06-01,-0.0001702285956440718,-0.0001702285956440718,0.0
2022-06-02,0.007712805898978111,0.007712805898978111,0.0
2022-06-03,-0.005489079840577716,-0.005489079840577716,0.0
2022-06-06,-0.003561798416609776,-0.003561798416609776,0.0
2022-06-07,-0.0005236687297134956,-0.0005236687297134956,0.0
2022-06-08,-0.002594793985123581,-0.002594793985123581,0.0
2022-06-09,0.0016122142133967437,0.0016122142133967437,0.0
2022-06-10,-0.0036372800098561833,-0.0036372800098561833,0.0
2022-06-13,-0.025057691030355114,-0.025057691030355114,0.0
2022-06-14,-0.005856536232584273,-0.005856536232584273,0.0
2022-06-15,0.006813431859023641,0.006813431859023641,0.0
2022-06-16,-0.0028737398842321204,-0.0028737398842321204,0.0
2022-06-17,-0.00504075296559504,-0.00504075296559504,0.0
2022-06-22,-0.0016730667110536781,-0.0016730667110536781,0.0
2022-06-23,0.0021633065086114115,0.0021179066177878176,0.06053318776479204
2022-06-24,0.0018035305379057423,0.0018035305379057423,0.0
2022-06-27,0.000997839226661394,0.000997839226661394,0.0
2022-06-28,8.241048065485605e-05,8.241048065485605e-05,0.0
2022-06-29,0.0006454522570990867,0.0006454522570990867,0.0
2022-06-30,-0.000814031513501504,-0.000814031513501504,0.0
2022-07-01,0.0018558386808257676,0.0018558386808257676,0.0
2022-07-06,-0.004593084865974337,-0.004593084865974337,0.0
2022-07-07,0.001717158719658279,0.001717158719658279,0.0
2022-07-08,0.0004873722157639336,0.0004873722157639336,0.0
2022-07-11,-0.00012565605828017624,-0.00012565605828017624,0.0
2022-07-12,-0.004281033427522996,-0.004281033427522996,0.0
2022-07-13,0.0009372880706199603,0.0009372880706199603,0.0
2022-07-14,-0.007522565877538592,-0.007522565877538592,0.0
2022-07-15,0.002577142782448207,0.002577142782448207,0.0
2022-07-18,0.0046094671803378435,0.0046094671803378435,0.0
2022-07-19,0.0010520256704973933,0.0010520256704973933,0.0
2022-07-20,9.853797289245695e-05,9.853797289245695e-05,0.0
2022-07-21,0.010073879754205666,0.010073879754205666,0.0
2022-07-22,0.00639808918620757,0.00639808918620757,0.0
2022-07-25,-0.0038818503224684743,-0.0038818503224684743,0.0
2022-07-26,-0.0035486489885635103,-0.0035486489885635103,0.0
2022-07-27,0.007772488748841256,0.007772488748841256,0.0
2022-07-28,0.013324011424148187,0.013324011424148187,0.0
2022-07-29,0.005996170936537746,0.005996170936537746,0.0
2022-08-01,0.007474023036306342,0.007474023036306342,0.0
2022-08-02,-0.005745976219527733,-0.005745976219527733,0.0
2022-08-03,0.002878936536169644,0.002878936536169644,0.0
2022-08-04,0.007330838531264317,0.007330838531264317,0.0
2022-08-05,-0.007713367856888822,-0.007713367856888822,0.0
2022-08-08,0.0073648329141716064,0.0073648329141716064,0.0
2022-08-11,-0.0001108906375357207,-0.0001108906375357207,0.0
2022-08-12,0.005272704166552531,0.005272704166552531,0.0
2022-08-17,-0.0017184823807880369,-0.0017184823807880369,0.0
2022-08-18,-0.00024334488214502849,-0.00024334488214502849,0.0
2022-08-19,-0.009067687110552539,-0.009067687110552539,0.0
2022-08-22,-0.009252809605552307,-0.009252809605552307,0.0
2022-08-23,0.0038275314503711548,0.0038275314503711548,0.0
2022-08-24,0.0008437837790523426,0.0008437837790523426,0.0
2022-08-25,0.001031215423712206,0.001031215423712206,0.0
2022-08-26,-0.004177073245100454,-0.004177073245100454,0.0
2022-08-29,-0.006429265630626669,-0.006429265630626669,0.0
2022-08-30,0.006083751869190299,0.006083751869190299,0.0
2022-09-02,0.00461573093989196,0.00461573093989196,0.0
2022-09-07,0.0047865061983912716,0.0047865061983912716,0.0
2022-09-08,0.0004285632035528026,0.0004285632035528026,0.0
2022-09-09,0.0027257107215811465,0.0027257107215811465,0.0
2022-09-12,0.0034412910802547837,0.0034412910802547837,0.0
2022-09-13,-0.003567320213014934,-0.003567320213014934,0.0
2022-09-14,-0.002700083878384746,-0.002700083878384746,0.0
2022-09-15,-0.010542372474118256,-0.010542372474118256,0.0
2022-09-16,-0.005165018270516007,-0.005165018270516007,0.0
2022-09-19,0.0015080630557445225,0.0015080630557445225,0.0
2022-09-20,0.0003971198823956779,0.0003971198823956779,0.0
2022-09-21,0.0006294185249819276,0.0006294185249819276,0.0
2022-09-22,-0.005920414031455994,-0.005920414031455994,0.0
2022-09-23,-0.01272973784367494,-0.01272973784367494,0.0
2022-09-26,-0.015385753611283255,-0.015385753611283255,0.0
2022-09-27,-0.0011586318217612123,-0.0011586318217612123,0.0
2022-09-28,0.010018720393003097,0.010018720393003097,0.0
2022-09-29,-0.0021409785356749766,-0.0021409785356749766,0.0
2022-09-30,0.005344341666715566,0.005344341666715566,0.0
2022-10-03,0.0075183019303613555,0.0075183019303613555,0.0
2022-10-04,0.015686525268508625,0.015413351015391631,0.3642323374893237
2022-10-07,-0.0024691441043368538,-0.0024691441043368538,0.0
2022-10-10,-0.005010000545272733,-0.005010000545272733,0.0
2022-10-11,-0.009085600941572219,-0.009085600941572219,0.0
2022-10-12,0.0065294931844801715,0.0065294931844801715,0.0
2022-10-13,-0.005083114809142857,-0.005456316266590996,0.49760194326418533
2022-10-14,-0.004525533182688573,-0.004525533182688573,0.0
2022-10-17,0.0023936806892233702,0.0023936806892233702,0.0
2022-10-18,0.0036559283484796797,0.0036559283484796797,0.0
2022-10-19,-0.009183795226043732,-0.009183795226043732,0.0
2022-10-20,-0.004686942687245116,-0.004686942687245116,0.0
2022-10-21,0.004966927934640681,0.004966927934640681,0.0
2022-10-24,-4.864104197001412e-05,-4.864104197001412e-05,0.0
2022-10-25,0.007725357692821214,0.007725357692821214,0.0
2022-10-28,-0.00485695550945189,-0.00485695550945189,0.0
2022-10-31,-0.002463396778052744,-0.002463396778052744,0.0
2022-11-01,0.0030343191685542705,0.0030343191685542705,0.0
2022-11-02,-0.0030081513489723624,-0.0030081513489723624,0.0
2022-11-03,-0.0038164963239090623,-0.0038164963239090623,0.0
2022-11-04,0.005001585186505364,0.005001585186505364,0.0
2022-11-07,-0.0022569901014932946,-0.0022569901014932946,0.0
2022-11-10,0.018834059283484587,0.018834059283484587,0.0
2022-11-11,0.0028424798818396774,0.0028424798818396774,0.0
2022-11-14,-0.0012780350726686266,-0.0012780350726686266,0.0
2022-11-15,0.006065092433583845,0.006065092433583845,0.0
2022-11-16,0.004269049594740554,0.004269049594740554,0.0
2022-11-17,-0.0063811905752532904,-0.0063811905752532904,0.0
2022-11-18,-0.003944142444418886,-0.003944142444418886,0.0
2022-11-21,-0.0028356238523671133,-0.0028356238523671133,0.0
2022-11-22,0.0046412449102945525,0.0046412449102945525,0.0
2022-11-23,0.004860579952868012,0.004860579952868012,0.0
2022-11-28,-0.000849990956378929,-0.000849990956378929,0.0
2022-11-29,-0.001268450524460745,-0.001268450524460745,0.0
2022-11-30,0.009448639326678518,0.009448639326678518,0.0
2022-12-01,0.010996931608156627,0.010996931608156627,0.0
2022-12-02,-0.00039809144799099217,-0.00039809144799099217,0.0
2022-12-05,-0.00989737596586098,-0.00989737596586098,0.0
2022-12-06,0.003948348575056995,0.003948348575056995,0.0
2022-12-07,0.006635124359808972,0.006635124359808972,0.0
2022-12-08,-0.003058079466801689,-0.003058079466801689,0.0
2022-12-09,-0.005057057955201451,-0.005057057955201451,0.0
2022-12-12,-0.0025568374959580396,-0.0025568374959580396,0.0
2022-12-13,0.010053596409243946,0.010053596409243946,0.0
2022-12-14,0.0017201086195544838,0.0017201086195544838,0.0
2022-12-15,-0.004150298954202629,-0.004150298954202629,0.0
2022-12-16,-0.0012113387232886516,-0.0012113387232886516,0.0
2022-12-19,-0.004492238634299231,-0.004492238634299231,0.0
2022-12-20,-0.0017314604777953202,-0.0017314604777953202,0.0
2022-12-21,-0.0011816680563091523,-0.0011816680563091523,0.0
2022-12-22,-0.003270970773973904,-0.003270970773973904,0.0
2022-12-23,-0.005155120532943004,-0.005155120532943004,0.0
2022-12-28,-0.0025329529489571297,-0.0025329529489571297,0.0
2022-12-29,0.004858386848792897,0.004858386848792897,0.0
2022-12-30,-0.002482369859091908,-0.002482369859091908,0.0
2023-01-04,0.005147177818364176,0.005147177818364176,0.0
2023-01-05,-0.0039034834468238,-0.0039034834468238,0.0
2023-01-06,0.010819807937847302,0.010819807937847302,0.0
2023-01-09,0.0041351958863072025,0.0041351958863072025,0.0
2023-01-10,-0.0049139305646405595,-0.0049139305646405595,0.0
2023-01-11,0.003825898391385727,0.003825898391385727,0.0
2023-01-12,0.007747806778532372,0.007747806778532372,0.0
2023-01-13,-0.00019099943394789793,-0.00019099943394789793,0.0
2023-01-18,0.009008461196157651,0.009008461196157651,0.0
2023-01-19,0.001059557663259442,0.0010416551067217684,0.02387007538356481
2023-01-20,-0.005660330346917876,-0.005660330346917876,0.0
2023-01-23,-0.000893332319587947,-0.000893332319587947,0.0
2023-01-24,0.004374680755152381,0.004374680755152381,0.0
2023-01-25,-0.0005755515006469728,-0.0005755515006469728,0.0
2023-01-30,-0.002081139069454402,-0.002081139069454402,0.0
2023-01-31,0.004064966471360945,0.004064966471360945,0.0
2023-02-01,0.006513002985261798,0.006513002985261798,0.0
2023-02-02,-0.004202948859297412,-0.004202948859297412,0.0
2023-02-03,-0.009334719590423105,-0.009334719590423105,0.0
2023-02-06,-0.0061124364205348775,-0.0061124364205348775,0.0
2023-02-07,-0.0018425798065367742,-0.0018425798065367742,0.0
2023-02-08,0.004277773990276016,0.004277773990276016,0.0
2023-02-09,-0.004145487922255729,-0.004145487922255729,0.0
2023-02-10,-0.0031428043422261276,-0.0031428043422261276,0.0
2023-02-13,-0.00022174901824075768,-0.00022174901824075768,0.0
2023-02-14,-0.001271286696874215,-0.001271286696874215,0.0
2023-02-15,-0.0029155853031008856,-0.0029155853031008856,0.0
2023-02-16,-0.002097715138019593,-0.002097715138019593,0.0
2023-02-17,0.0014487088762012625,0.0014487088762012625,0.0
2023-02-22,-0.0025527434897123155,-0.0025527434897123155,0.0
2023-02-23,0.0019883463520586463,0.0019883463520586463,0.0
2023-02-24,-0.0056781435702699026,-0.0056781435702699026,0.0
2023-02-27,0.0019498057333209127,0.0019498057333209127,0.0
2023-02-28,0.000957838079446785,0.000957838079446785,0.0
2023-03-01,-0.0027505084548863157,-0.0027505084548863157,0.0
2023-03-02,-0.004048335444729035,-0.004048335444729035,0.0
2023-03-03,0.009798506331696263,0.009798506331696263,0.0
2023-03-06,-0.0009312299573699887,-0.0009312299573699887,0.0
2023-03-09,0.004152663083000431,0.004152663083000431,0.0
2023-03-10,0.013956289475320766,0.013956289475320766,0.0
2023-03-13,0.009486503088276045,0.009486503088276045,0.0
2023-03-14,-0.008313363891367078,-0.008313363891367078,0.0
2023-03-15,0.010092871704055147,0.010092871704055147,0.0
2023-03-16,-0.005394047202654522,-0.005394047202654522,0.0
2023-03-17,0.01411312032694788,0.01411312032694788,0.0
2023-03-20,-0.0036025882156722378,-0.0036025882156722378,0.0
2023-03-21,-0.0081827504085536,-0.0081827504085536,0.0
2023-03-22,0.012085964450084799,0.012085964450084799,0.0
2023-03-23,0.005370224740972632,0.005370224740972632,0.0
2023-03-24,-0.003204061194532026,-0.003204061194532026,0.0
2023-03-27,-0.009452659080790007,-0.009452659080790007,0.0
2023-03-28,0.0008268633756985344,0.0008268633756985344,0.0
2023-03-29,-0.0008508415582898249,-0.0008508415582898249,0.0
2023-04-03,0.004766426939089025,0.004766426939089025,0.0
2023-04-06,-0.0007830756809996699,-0.0007830756809996699,0.0
2023-04-10,-0.007600394856307837,-0.007600394856307837,0.0
2023-04-11,0.0018410856072179611,0.0018410856072179611,0.0
2023-04-12,0.0036389685711264346,0.0036389685711264346,0.0
2023-04-13,0.0005606327994475747,0.0005606327994475747,0.0
2023-04-18,0.0013580783706108306,0.0013580783706108306,0.0
2023-04-19,-0.0026829840274119826,-0.0026829840274119826,0.0
2023-04-20,0.004533120383359079,0.004533120383359079,0.0
2023-04-21,-0.0034855318143680565,-0.0034855318143680565,0.0
2023-04-24,0.004818307786786948,0.004818307786786948,0.0
2023-04-25,0.007557659929204199,0.007557659929204199,0.0
2023-04-26,-0.003158423644558194,-0.003158423644558194,0.0
2023-04-27,-0.003285995167822951,-0.003285995167822951,0.0
2023-04-28,0.006224561905308098,0.006224561905308098,0.0
2023-05-03,0.005266063659792678,0.005266063659792678,0.0
2023-05-04,0.0027057083720968284,0.0027057083720968284,0.0
2023-05-05,-0.00819199924405739,-0.00819199924405739,0.0
2023-05-08,-0.0019528230012868044,-0.0019528230012868044,0.0
2023-05-09,0.0009705007218373532,0.0009218584659285639,0.06485634121171924
2023-05-10,0.00475002546337556,0.00475002546337556,0.0
2023-05-11,0.00017287551110672483,0.00017287551110672483,0.0
2023-05-12,-0.004245879612582293,-0.004245879612582293,0.0
2023-05-15,-0.0004471385145218935,-0.0004471385145218935,0.0
2023-05-16,-0.005111618180558995,-0.005521943228682221,0.5471000641643022
2023-05-17,-0.004866353525092423,-0.004866353525092423,0.0
2023-05-18,-0.004030446921974195,-0.004030446921974195,0.0
2023-05-19,0.0013004519025180035,0.0013004519025180035,0.0
2023-05-22,0.00331593593668931,0.00331593593668931,0.0
2023-05-23,0.0017662146711077964,0.0017662146711077964,0.0
2023-05-24,-0.00312165512183904,-0.00312165512183904,0.0
2023-05-25,-0.0009059523004415907,-0.0009059523004415907,0.0
2023-05-26,0.006979912125801244,0.006979912125801244,0.0
2023-05-31,-0.0022153106136760248,-0.0022153106136760248,0.0
2023-06-01,-0.000690227755706336,-0.000690227755706336,0.0
2023-06-02,-0.0011316763979327283,-0.0011316763979327283,0.0
2023-06-05,0.0020043293850430612,0.0020043293850430612,0.0
2023-06-06,0.00039359364194085727,0.00039359364194085727,0.0
2023-06-07,0.001965849519656829,0.001965849519656829,0.0
2023-06-08,-0.0009611844120485684,-0.0009611844120485684,0.0
2023-06-09,-0.0037495549673826198,-0.0037495549673826198,0.0
2023-06-12,0.0019126086630556955,0.0019126086630556955,0.0
2023-06-13,0.0015912019751395164,0.0015912019751395164,0.0
2023-06-14,0.00185848705678971,0.00185848705678971,0.0
2023-06-15,0.00023897921563846396,0.00023897921563846396,0.0
2023-06-16,0.003353644877124669,0.003353644877124669,0.0
2023-06-21,0.0017217931535783522,0.0017217931535783522,0.0
2023-06-22,-0.004930601665422368,-0.004930601665422368,0.0
2023-06-23,-0.002332770178917954,-0.002332770178917954,0.0
2023-06-26,0.0017489945325008549,0.0017489945325008549,0.0
2023-06-27,0.003234558918598543,0.003234558918598543,0.0
2023-06-28,0.006770675155588943,0.006770675155588943,0.0
2023-07-03,0.003115388443112174,0.003115388443112174,0.0
2023-07-06,0.0006184884698018848,0.0006184884698018848,0.0
2023-07-07,-0.006108394178340126,-0.006108394178340126,0.0
2023-07-10,0.0025578013354371097,0.0025578013354371097,0.0
2023-07-11,0.0035655030338093098,0.0035655030338093098,0.0
2023-07-12,0.001365990902038257,0.001365990902038257,0.0
2023-07-13,0.0038022594249246147,0.0038022594249246147,0.0
2023-07-14,0.0034280442819035746,0.0034280442819035746,0.0
2023-07-17,0.005522641029569563,0.005522641029569563,0.0
2023-07-18,0.0016548215362137077,0.0016548215362137077,0.0
2023-07-19,0.0039592371432304735,0.0039592371432304735,0.0
2023-07-20,0.002214593274149986,0.002214593274149986,0.0
2023-07-21,-0.007607313312016927,-0.007607313312016927,0.0
2023-07-24,-0.0032523264849337523,-0.0032523264849337523,0.0
2023-07-25,-0.00034739824246931574,-0.00034739824246931574,0.0
2023-07-26,0.004443946538412898,0.004443946538412898,0.0
2023-07-27,-0.007656619031729435,-0.007656619031729435,0.0
2023-07-28,0.0006095487016904728,0.0006095487016904728,0.0
2023-07-31,0.004064141532006637,0.004064141532006637,0.0
2023-08-01,-0.002633065736156866,-0.002633065736156866,0.0
2023-08-02,-0.007714401801689606,-0.007714401801689606,0.0
2023-08-03,-0.007437272616583539,-0.007437272616583539,0.0
2023-08-04,0.008164766357786273,0.008164766357786273,0.0
2023-08-07,0.0019246732225361416,0.0019246732225361416,0.0
2023-08-08,0.0007783394825055432,0.0007783394825055432,0.0
2023-08-09,0.002306452968638103,0.002306452968638103,0.0
2023-08-10,-0.00560652545978043,-0.00560652545978043,0.0
2023-08-11,-0.005693843974284382,-0.005693843974284382,0.0
2023-08-14,-0.0003164152636981575,-0.0003164152636981575,0.0
2023-08-17,-0.003856478515184043,-0.003856478515184043,0.0
2023-08-18,-0.000900729137022189,-0.000900729137022189,0.0
2023-08-21,0.0007886470707587265,0.0007886470707587265,0.0
2023-08-22,0.00024100357577583459,0.00024100357577583459,0.0
2023-08-23,0.005222831609770455,0.005222831609770455,0.0
2023-08-24,-0.0032106409114724837,-0.0032106409114724837,0.0
2023-08-25,-0.004272875409943854,-0.004272875409943854,0.0
2023-08-28,0.0023164898315266615,0.0023164898315266615,0.0
2023-08-29,0.0036430003740348113,0.0036430003740348113,0.0
2023-08-30,0.00012893725581325852,0.00012893725581325852,0.0
2023-08-31,-0.0025434937680033193,-0.0025434937680033193,0.0
2023-09-01,0.004136310916225703,0.004136310916225703,0.0
2023-09-06,0.00036634687891636095,0.00036634687891636095,0.0
2023-09-07,0.005073675185134296,0.005073675185134296,0.0
2023-09-08,0.003204049157224077,0.003204049157224077,0.0
2023-09-11,0.005348557244275956,0.005348557244275956,0.0
2023-09-12,0.0003533818663406184,0.0003533818663406184,0.0
2023-09-13,0.002956456579403153,0.002956456579403153,0.0
2023-09-14,0.0003642448143403249,0.0003642448143403249,0.0
2023-09-15,0.0019509225680798506,0.0019509225680798506,0.0
2023-09-18,-0.0016546399731708307,-0.0016546399731708307,0.0
2023-09-21,-0.00784084700219088,-0.00784084700219088,0.0
2023-09-22,-0.0010416877904821683,-0.0010416877904821683,0.0
2023-09-25,-0.0024239994261763043,-0.0024239994261763043,0.0
2023-09-26,-0.00044376604462671357,-0.00044376604462671357,0.0
2023-09-27,0.0002960908244245505,0.0002960908244245505,0.0
2023-09-28,-0.005728813856988055,-0.005728813856988055,0.0
2023-09-29,0.004002444210205095,0.004002444210205095,0.0
2023-10-04,-0.0011210165314513567,-0.0011210165314513567,0.0
2023-10-05,0.004387167577679536,0.004387167577679536,0.0
2023-10-06,0.0017507802955996693,0.0017507802955996693,0.0
2023-10-09,-0.0006985878276645216,-0.0006985878276645216,0.0
2023-10-10,0.005398204262545023,0.005398204262545023,0.0
2023-10-11,0.005929652176513085,0.005929652176513085,0.0
2023-10-12,-0.0037656956261731506,-0.0037656956261731506,0.0
2023-10-13,0.0006236612227615661,0.0006236612227615661,0.0
2023-10-16,-0.0026085744113657373,-0.0026085744113657373,0.0
2023-10-17,-0.0005212214523061406,-0.0005212214523061406,0.0
2023-10-18,-0.006324737333806693,-0.006324737333806693,0.0
2023-10-19,-0.0031985674475966466,-0.0031985674475966466,0.0
2023-10-20,0.000931272472567122,0.0005647870947616486,0.4886471704072979
2023-10-23,-0.0053519378969035854,-0.0053519378969035854,0.0
2023-10-26,-0.002534576677099866,-0.002534576677099866,0.0
2023-10-27,0.009273230638788566,0.009273230638788566,0.0
2023-10-30,-0.0017657276308635662,-0.0017657276308635662,0.0
2023-10-31,-0.0041286354214438055,-0.0041286354214438055,0.0
2023-11-01,-0.0011015401805849923,-0.0011015401805849923,0.0
2023-11-02,0.005233833751505711,0.005233833751505711,0.0
2023-11-03,0.004834442889554023,0.004834442889554023,0.0
2023-11-06,-0.0017548251814742117,-0.0017548251814742117,0.0
2023-11-07,-0.0010849101609405362,-0.0010849101609405362,0.0
2023-11-08,-0.003486661910824607,-0.003486661910824607,0.0
2023-11-09,-0.0007318608840624592,-0.0007318608840624592,0.0
2023-11-10,-0.00458095681650759,-0.00458095681650759,0.0
2023-11-13,0.002884904836324795,0.002884904836324795,0.0
2023-11-16,0.008292435302084651,0.008292435302084651,0.0
2023-11-17,-0.0005056039319384478,-0.0005056039319384478,0.0
2023-11-20,-0.0011816652446989377,-0.0011816652446989377,0.0
2023-11-21,0.00694188689765138,0.00694188689765138,0.0
2023-11-22,-0.0016454989272936956,-0.0016454989272936956,0.0
2023-11-29,0.005140751274395564,0.005140751274395564,0.0
2023-11-30,-0.0005382490270233798,-0.0008993607286457337,0.48148226882980505
2023-12-01,0.007618671684936898,0.007618671684936898,0.0
2023-12-04,0.011865420699753614,0.011865420699753614,0.0
2023-12-05,0.00773171483757261,0.00773171483757261,0.0
2023-12-06,0.00401253709427895,0.00401253709427895,0.0
2023-12-07,-0.0016552414334782802,-0.0016552414334782802,0.0
2023-12-08,-8.20370490118758e-05,-8.20370490118758e-05,0.0
2023-12-11,-0.005127535096333511,-0.005503568019984764,0.5013772315350042
2023-12-12,-0.0012756913037599855,-0.0012756913037599855,0.0
2023-12-13,0.014110663490744683,0.014110663490744683,0.0
2023-12-14,0.008285353408732633,0.008285353408732633,0.0
2023-12-15,-0.0006979918850558899,-0.0006979918850558899,0.0
2023-12-18,0.0012883032406968667,0.0012883032406968667,0.0
2023-12-19,0.004242159762070117,0.004242159762070117,0.0
2023-12-20,-0.006391362138889648,-0.006391362138889648,0.0
2023-12-21,0.004810674944228683,0.004810674944228683,0.0
2023-12-22,0.0034538655547682135,0.0034538655547682135,0.0
2023-12-26,0.005288556282640158,0.005288556282640158,0.0
2023-12-27,0.006812446660847334,0.006812446660847334,0.0
2023-12-28,-0.0018026190653944159,-0.0018026190653944159,0.0
2023-12-29,-0.0019271311096429038,-0.0019271311096429038,0.0
